1,Ewell,Sambell,Male,Nissan,Xterra
2,Tyler,Pleasants,Male,Cadillac,DeVille
3,Karl,Byres,Male,Jaguar,XJ Series
4,Eziechiele,Brittlebank,Male,Lotus,Esprit
5,Lexine,Isac,Female,GMC,Acadia
6,Jasmine,Fairlaw,Female,Ford,Contour
7,Brendis,Tzuker,Male,Chevrolet,Express 1500
8,Broderic,Fradson,Male,BMW,530
9,Davide,Pleming,Male,Dodge,Durango
10,Lewes,Gallard,Male,Toyota,Sienna
11,Pepita,Aikman,Female,Geo,Prizm
12,Bartlett,Lambal,Male,Ford,Econoline E250
13,Lenore,Huet,Female,Chevrolet,Tahoe
14,Craggy,McCuthais,Male,Dodge,Ram 3500
15,Brenden,McGaugie,Male,Rolls-Royce,Phantom
16,Reine,Stockton,Female,Honda,Civic
17,Janette,Davidsohn,Female,Hyundai,Santa Fe
18,Louella,Mewburn,Female,Lincoln,MKX
19,Richie,Hasnip,Male,Ford,Crown Victoria
20,Ingrid,Tapton,Female,Dodge,Ram Van 1500
21,Joelie,Tease,Female,Mitsubishi,Mirage
22,Elinor,Blincow,Agender,Dodge,Ram
23,Nicol,Buckner,Female,GMC,Yukon XL 1500
24,Shane,Vaune,Male,Mercedes-Benz,R-Class
25,Maddy,Wadie,Female,Volvo,S80
26,Yelena,Suett,Female,Pontiac,Firefly
27,Merrill,Dewdney,Male,Jeep,Compass
28,Pascal,Pastor,Male,Ford,Econoline E250
29,Ritchie,Bezants,Male,Ford,Probe
30,Leyla,Wield,Female,Toyota,Corolla
31,Cazzie,Reedman,Male,GMC,Canyon
32,Blanca,Biasetti,Female,Lexus,HS
33,Gunter,McNaught,Male,Dodge,Challenger
34,Meyer,Teasdale-Markie,Agender,Ford,Fiesta
35,Jarad,Celiz,Male,Mercedes-Benz,SL-Class
36,Tommie,Bolland,Female,Buick,Park Avenue
37,Edythe,Pietrzyk,Female,Acura,Integra
38,Arnoldo,Stirling,Male,Cadillac,Fleetwood
39,Brana,Djurkovic,Agender,GMC,3500 Club Coupe
40,Gregory,Temple,Male,Mazda,CX-9
41,Arden,Pretious,Female,Dodge,Viper
42,Prudence,Annetts,Female,Toyota,Prius Plug-in Hybrid
43,Ferguson,Millthorpe,Male,GMC,Canyon
44,Simeon,Hoppner,Male,Cadillac,Eldorado
45,Zebadiah,Way,Male,Mitsubishi,Lancer
46,Kai,Bevar,Female,Mazda,Mazda6
47,Marquita,McDavid,Female,Mercedes-Benz,400SEL
48,Yuma,Goldine,Male,Pontiac,G6
49,Jude,Ansett,Male,Volvo,XC70
50,Wrennie,Lodovichi,Female,Lexus,ES
51,Michel,Shotton,Female,Honda,Civic
52,Willey,Shaddick,Male,Panoz,Esperante
53,Mitchel,Cardenas,Male,Chevrolet,Suburban 2500
54,Mario,Dhennin,Male,Nissan,JUKE
55,Flin,Room,Non-binary,Volkswagen,Golf
56,Findley,Fahey,Male,Lexus,LS Hybrid
57,Igor,Birdwistle,Male,Subaru,Outback
58,Ty,Aspin,Male,Mercury,Marauder
59,Corissa,Dyott,Female,Lamborghini,Countach
60,Lucky,Bauldry,Female,Mercedes-Benz,CL-Class
61,Suzanne,Overlow,Non-binary,Mercedes-Benz,W201
62,Jolynn,Glentz,Female,GMC,Yukon XL 1500
63,Christopher,Dannel,Male,Mitsubishi,Outlander Sport
64,Harv,Rizon,Male,Acura,TSX
65,Shepherd,Astman,Male,Ford,Escort
66,Pris,Fewings,Female,GMC,3500
67,Marianne,Crocken,Female,Nissan,Maxima
68,Isa,Mandre,Male,Toyota,Tundra
69,Hillie,Turrill,Male,Dodge,Magnum
70,Susi,Lambert-Ciorwyn,Female,Nissan,Xterra
71,Erich,Ghilks,Male,Lincoln,Continental
72,Betsey,Arend,Female,Toyota,TundraMax
73,Aksel,Rocca,Male,Land Rover,Defender 110
74,Agneta,Brader,Female,Kia,Optima
75,Adolphe,Tommasetti,Genderqueer,Mazda,B-Series Plus
76,Cherry,Panton,Female,Chevrolet,Express 1500
77,Rosalinde,Robrose,Female,Chrysler,New Yorker
78,Amandy,Swithenby,Female,Saturn,S-Series
79,Maire,Hellin,Agender,Kia,Spectra
80,Khalil,Thaw,Male,BMW,5 Series
81,Chane,Kenford,Male,Toyota,Camry Hybrid
82,Carissa,Ozanne,Female,Mercedes-Benz,E-Class
83,Vittorio,Moutray Read,Male,Mercedes-Benz,E-Class
84,Florian,Galland,Male,BMW,525
85,Benoit,Tapping,Male,Audi,100
86,Robert,Biagi,Male,Pontiac,G6
87,Millicent,Sinson,Female,Plymouth,Laser
88,Annamarie,Kennermann,Female,Scion,xD
89,Theadora,Pennini,Bigender,Lincoln,Continental
90,Kristos,Glover,Genderqueer,Isuzu,Amigo
91,Amil,Greenman,Genderfluid,Dodge,Dakota
92,Augusta,felip,Female,Lincoln,Town Car
93,Oralie,Bolan,Female,Ford,F250
94,Creigh,Dykes,Male,Chevrolet,Corvette
95,Virgie,Record,Male,MINI,Cooper
96,Adelaide,Arnau,Female,Chevrolet,Monte Carlo
97,Maury,Yalden,Male,Subaru,Impreza
98,Zachery,Pidgen,Non-binary,BMW,5 Series
99,Field,Kaminski,Male,Saab,9000
100,Kelsey,Dupree,Genderfluid,Toyota,4Runner
101,Rhoda,Faltin,Female,BMW,M3
102,Lawton,Wife,Male,Ford,Focus
103,Martie,Penhalurick,Male,Pontiac,Firebird
104,Felic,Seligson,Male,Suzuki,Daewoo Lacetti
105,Ulrika,Hoofe,Female,Toyota,Celica
106,Gerri,Grinnov,Male,Lotus,Elise
107,Harmonia,Showers,Female,Ford,F-Series
108,Korrie,Slinger,Bigender,Dodge,Ram 3500
109,Aubrette,Ramel,Female,Mazda,Navajo
110,Dorey,Laborda,Male,Chrysler,Town & Country
111,Emlynn,Lanchberry,Genderfluid,Audi,4000CS Quattro
112,Yolanthe,Garthshore,Female,GMC,Sonoma Club Coupe
113,Brooks,Kearley,Male,Chevrolet,Cobalt
114,Kleon,Batteson,Male,BMW,M3
115,Joshua,Culley,Male,Volkswagen,R32
116,Friederike,Griffin,Female,Ford,E-Series
117,Mariquilla,Dee,Female,Mitsubishi,Lancer
118,Wallie,Poland,Genderfluid,Saturn,L-Series
119,Rich,Hanford,Male,Volvo,S60
120,Farrah,Lissemore,Female,Ford,Escort
121,Kippar,Pryce,Male,Lamborghini,Murciélago
122,Ester,Inglis,Bigender,Cadillac,Allante
123,Rosemaria,Cantillion,Female,Buick,Regal
124,Kristal,Skirvin,Bigender,Dodge,Caliber
125,Camile,Iveans,Female,Acura,TL
126,Darryl,Gilvary,Male,GMC,2500 Club Coupe
127,Karine,Headingham,Female,Dodge,Aspen
128,Tab,Paffot,Male,Volvo,XC90
129,Phillip,Robinson,Male,GMC,Suburban 1500
130,Lew,Lagen,Male,Pontiac,Firebird
131,Cordy,Labbett,Male,Jeep,Grand Cherokee
132,Stephana,Wimpeney,Female,Chevrolet,Silverado 1500
133,Elsinore,Levick,Female,Eagle,Talon
134,Kandy,Guerrin,Female,Suzuki,SJ
135,Stacee,Watsam,Female,Toyota,Avalon
136,Rani,Whelpton,Non-binary,Toyota,Tacoma Xtra
137,Clive,Stadding,Male,Buick,Skylark
138,Alyosha,Mugford,Male,GMC,Terrain
139,Kalvin,Hayworth,Male,Mercedes-Benz,E-Class
140,Delila,Gettone,Female,Hillman,Minx Magnificent
141,Andie,Gamage,Female,Toyota,Celica
142,Gualterio,Friend,Male,Jeep,Liberty
143,King,Evitts,Male,Cadillac,Eldorado
144,Gilberta,Scole,Female,Ford,ZX2
145,Roman,Bordis,Male,Nissan,GT-R
146,Branden,Fedorski,Male,Chevrolet,Blazer
147,Rhetta,Lemanu,Female,Lincoln,Continental Mark VII
148,Alain,Chill,Male,Subaru,Impreza
149,Helenka,Ramiro,Female,Chevrolet,Silverado 1500
150,Lucila,Brackpool,Female,Chrysler,Cirrus
151,Jean,De Fraine,Male,Chrysler,LHS
152,Isac,Pattenden,Male,Lamborghini,Diablo
153,Ernestine,Dulling,Female,Lexus,RX
154,Tait,Grime,Male,Porsche,911
155,Axe,Seeking,Male,Honda,Pilot
156,Donaugh,Pauli,Male,Chrysler,Voyager
157,Bev,Harefoot,Male,GMC,Jimmy
158,Bertina,Dewire,Female,Ford,Explorer Sport Trac
159,Gaspard,Loxdale,Male,Maybach,57
160,Tibold,Naisbet,Male,Mercedes-Benz,600SL
161,Bernita,Chupin,Female,Ford,F350
162,Kesley,Chislett,Genderqueer,Honda,Civic
163,Leland,Winkell,Female,Ford,F350
164,Bing,Timlett,Male,Chevrolet,Blazer
165,Alfonse,Sumpton,Male,Chrysler,300
166,Phedra,Linsley,Polygender,Chevrolet,Avalanche 1500
167,Drusie,Gravener,Female,Honda,CR-V
168,Marve,Gerling,Male,Volkswagen,Jetta
169,Allister,Stoaks,Male,Mitsubishi,Precis
170,Christa,Haylock,Female,Saturn,VUE
171,Shermie,Nathon,Male,Lotus,Evora
172,Merola,Volleth,Female,Mazda,RX-7
173,Gasper,Goady,Male,Nissan,Frontier
174,Kirstyn,Middlemist,Female,GMC,2500 Club Coupe
175,Base,Emlen,Polygender,GMC,Yukon
176,Ian,Wheadon,Male,Jeep,Liberty
177,Maribelle,Garstan,Female,Saab,9-4X
178,Taber,Rillett,Male,Mercury,Sable
179,Morena,Barge,Female,Pontiac,Monterey
180,Maudie,Rolfi,Female,Chevrolet,Monte Carlo
181,Neil,MacAskie,Male,Chevrolet,Camaro
182,Fleur,Honnan,Female,Mercedes-Benz,E-Class
183,Raine,Guard,Female,Bentley,Azure T
184,Berry,Loadsman,Genderqueer,Toyota,Camry
185,Britte,Roberds,Female,Chevrolet,Silverado 1500
186,Isaiah,Acuna,Male,Lincoln,MKX
187,Glenn,Creane,Male,Isuzu,Rodeo
188,Rafaellle,Caramuscia,Male,Suzuki,Samurai
189,Ethelind,Dimic,Female,Chevrolet,Corvette
190,Maximilianus,Kinnear,Male,Jaguar,XJ Series
191,Katrinka,Kubiczek,Female,Pontiac,Firebird Trans Am
192,Ingrim,Laterza,Male,Toyota,Sienna
193,Renault,Ffrench,Male,MINI,Countryman
194,Constantine,Mapplebeck,Female,BMW,Z4 M
195,Gard,Kaveney,Male,Mercedes-Benz,M-Class
196,Amalee,Rupprecht,Female,Lamborghini,Countach
197,Cristen,Neasam,Agender,Mazda,MPV
198,Fabiano,Tivolier,Male,Volkswagen,Cabriolet
199,Floria,Balasin,Female,Mercedes-Benz,E-Class
200,Binni,McAlees,Female,Plymouth,Breeze
201,Concettina,Skyme,Genderqueer,Kia,Rio
202,Sissy,Bramah,Female,Ford,F250
203,Kasper,Fawlo,Male,Honda,Civic
204,Lucretia,Borsi,Female,Jaguar,XJ Series
205,Sigvard,MacNulty,Male,Mercury,Cougar
206,Daffy,Tather,Female,Jeep,Wrangler
207,Jethro,Fayne,Male,Ford,E350
208,Hagen,Battisson,Male,Buick,Riviera
209,Moises,Soane,Agender,Plymouth,Colt Vista
210,Phyllida,Grey,Female,Pontiac,Vibe
211,Haleigh,Clemmow,Male,GMC,Envoy XUV
212,Silvan,Kittow,Male,Chevrolet,Suburban 2500
213,Maudie,Mantle,Female,Chevrolet,Corsica
214,Alberto,Chatfield,Male,Mazda,MX-5
215,Charlot,Pavel,Female,Buick,Park Avenue
216,Austin,Antunez,Female,Volkswagen,New Beetle
217,Kerby,Kocher,Male,GMC,Vandura 1500
218,Benoite,McGeouch,Female,Ford,Mustang
219,Spenser,Hurleston,Male,Ford,Expedition EL
220,Lanni,Rablan,Female,Plymouth,Acclaim
221,Gail,Corteney,Male,Porsche,911
222,Dorelia,Orsman,Female,Dodge,Viper
223,Clerkclaude,Hemphall,Male,Mitsubishi,Pajero
224,Abrahan,Baynes,Male,Nissan,Pathfinder
225,Olive,Shay,Female,Ford,Explorer Sport Trac
226,Stu,Collingwood,Male,Volkswagen,Rabbit
227,Errick,Harhoff,Male,Mazda,Mazda6
228,Shaughn,Kryszka,Male,Mercedes-Benz,CLS-Class
229,Zaneta,Esposita,Female,Ford,E350
230,Marisa,McRonald,Female,Lexus,GX
231,Grady,Tourry,Male,Bentley,Continental GT
232,Juan,Kiessel,Male,Hyundai,Entourage
233,Laurette,Gifford,Female,Dodge,Caravan
234,Arte,Spalding,Male,Ford,Thunderbird
235,Randie,Semon,Male,Chrysler,Aspen
236,Marris,Lapslie,Female,Oldsmobile,88
237,Ryon,Laurenceau,Male,Honda,Prelude
238,Mavis,Rodd,Female,Lotus,Esprit
239,Tori,Spurritt,Female,Hyundai,Azera
240,Tonia,Peacock,Agender,Volvo,V70
241,Waylen,Halpine,Male,BMW,1 Series
242,Robbi,Gostling,Female,Eagle,Talon
243,Kimberley,Lemary,Female,Acura,CL
244,Clari,Pavese,Female,Volkswagen,Fox
245,Marj,Hartil,Female,Chevrolet,Impala
246,Sibbie,Hannabus,Female,Pontiac,Firebird
247,Pepe,Dillingston,Male,Toyota,Avalon
248,Shelby,Muzzlewhite,Female,Mercedes-Benz,C-Class
249,Massimiliano,Cadle,Male,Mercury,Cougar
250,Kelcy,Ghiroldi,Female,Oldsmobile,Cutlass Supreme
251,Marje,Edmands,Female,Chrysler,Sebring
252,Elnore,Tather,Female,Ford,Aerostar
253,Alidia,Astin,Female,Oldsmobile,98
254,Sissie,Balharrie,Female,Mercedes-Benz,S-Class
255,Harmonia,Norwich,Female,Mitsubishi,Challenger
256,Averyl,Vines,Female,BMW,X5 M
257,Claudio,Tallowin,Male,GMC,Sonoma
258,Adelaide,Le feuvre,Female,Infiniti,G35
259,Tobie,Carwithen,Male,Honda,Civic
260,Fanchette,Arson,Bigender,Hummer,H2
261,Aubree,Hedderly,Female,Ford,Econoline E250
262,Delila,Milesap,Female,Chevrolet,Cavalier
263,Minnnie,Philcott,Female,Volkswagen,Touareg
264,Isak,Cuerdale,Male,Mitsubishi,Montero Sport
265,Charlotte,Imm,Female,Chrysler,New Yorker
266,Dolph,Koeppe,Male,Ford,Taurus
267,Ferdy,Bothwell,Male,Kia,Spectra
268,Sheilakathryn,O'Lagen,Genderfluid,Chevrolet,Suburban 1500
269,Bobbye,Regenhardt,Female,Ford,Econoline E350
270,Quent,Cloonan,Male,Chrysler,300
271,Emilee,Mattock,Female,Lincoln,Town Car
272,Joni,Kmicicki,Female,Isuzu,Amigo
273,Sonia,Huyghe,Female,Nissan,200SX
274,Georgie,Fratson,Female,Land Rover,Defender
275,Ulric,Sedgeman,Male,Suzuki,Sidekick
276,Desi,Badcock,Agender,Ford,E-Series
277,Vin,Westney,Male,Chevrolet,Camaro
278,Dana,Antonsson,Female,Mazda,B-Series
279,Vevay,McElvine,Female,Volvo,V70
280,Thain,Rihosek,Male,Ford,Ranger
281,Adela,MacElane,Female,Audi,V8
282,Christi,Churchard,Non-binary,BMW,5 Series
283,Babette,Fitzhenry,Female,Volkswagen,Cabriolet
284,Taddeusz,Antyshev,Male,Dodge,Grand Caravan
285,Von,Sentance,Male,Hummer,H1
286,Patricio,Yvens,Male,Chevrolet,Lumina
287,Blakelee,Schwanden,Female,Volkswagen,Eurovan
288,Terri,Grigoriscu,Polygender,GMC,Envoy
289,Husein,Isbell,Male,Toyota,Matrix
290,Emmet,Lillistone,Male,Saab,9000
291,Franciskus,Fall,Male,Mercury,Milan
292,Johann,Zoppo,Male,Chevrolet,Caprice
293,Hermie,Lawleff,Male,Porsche,Boxster
294,Katrinka,Aukland,Female,Pontiac,Vibe
295,Lonnard,Mabb,Male,Suzuki,X-90
296,Silvie,Sottell,Female,Subaru,Legacy
297,Devlen,Rainsbury,Male,Chevrolet,Silverado 2500
298,Lurette,Brinkler,Female,Mercury,Mystique
299,Anthiathia,Vaughan,Polygender,Toyota,Tacoma
300,Latashia,Blewmen,Female,Hyundai,Veracruz
301,Aldo,Barden,Male,Chevrolet,Lumina
302,Erny,Lindeberg,Male,Lamborghini,Murciélago LP640
303,Fairfax,Bolland,Male,Porsche,911
304,Dinah,Conman,Female,Ford,Tempo
305,Calli,Horche,Female,Jeep,Grand Cherokee
306,Corny,Nussey,Male,Chevrolet,Camaro
307,Kincaid,Devlin,Male,Nissan,Xterra
308,Elliott,Rochford,Male,Ford,Taurus
309,Cherrita,Rickaert,Female,Porsche,928
310,Barrett,Simko,Male,Ford,Escape
311,Pearline,Worviell,Female,Toyota,FJ Cruiser
312,Lorilyn,Bernhart,Female,Volkswagen,Eos
313,Scarlett,Baud,Female,Audi,Q7
314,Sophie,Folbigg,Female,Mercedes-Benz,CLS-Class
315,Ava,Moseby,Female,Jeep,Wrangler
316,Cacilie,Aldiss,Female,Lamborghini,Gallardo
317,Salomone,Banbridge,Male,Chevrolet,Corvette
318,Novelia,Gatchel,Female,Audi,Quattro
319,Renee,Flescher,Female,Audi,Q5
320,Yvonne,Longhurst,Female,Cadillac,Escalade
321,Abraham,Wilkes,Male,Jaguar,S-Type
322,Jocelyne,Hindsberg,Female,Mercury,Topaz
323,Kylie,Borsay,Male,Maybach,57
324,Marylin,Scown,Female,Nissan,Frontier
325,Franciskus,Josephs,Genderfluid,Chevrolet,Express 2500
326,Darlene,Corde,Female,Suzuki,SX4
327,Anjanette,Pavluk,Female,Ford,Laser
328,Lucina,Strelitzer,Non-binary,Volkswagen,Touareg
329,Conn,Jephcott,Male,Chevrolet,Suburban 1500
330,Cynthea,Nozzolinii,Female,Mercedes-Benz,CLK-Class
331,Trixi,Gero,Female,Toyota,Yaris
332,Douglas,Goodred,Male,Bentley,Azure
333,Cirilo,Clowton,Male,Mitsubishi,Endeavor
334,Jazmin,Boyse,Female,Mercury,Grand Marquis
335,April,Tichner,Female,Dodge,Ram 2500 Club
336,Mariejeanne,Lemerle,Female,Toyota,Camry
337,Claudie,Glaze,Female,Mercedes-Benz,SL-Class
338,Gallagher,Dalgetty,Male,Toyota,Xtra
339,Jeanne,Chevers,Agender,Lotus,Exige
340,Spenser,Symonds,Male,Toyota,Corolla
341,Micky,Bente,Male,Pontiac,Trans Sport
342,Dallis,Birtwell,Male,Lexus,GX
343,Trefor,Surgener,Male,BMW,M6
344,Wilt,Pandya,Male,Nissan,Sentra
345,Hamel,Lightbody,Male,Mercury,Montego
346,Akim,Riggeard,Male,Honda,Odyssey
347,Morgen,Nizet,Male,Ford,Ranger
348,Lyle,Zorer,Polygender,Ford,Explorer Sport Trac
349,Myranda,Tavinor,Female,Toyota,Prius
350,Woodman,Woodnutt,Male,Lincoln,Navigator
351,Felizio,Santora,Male,Mitsubishi,L300
352,Alfonse,Vallerine,Male,Honda,Insight
353,Patty,Andrus,Male,Mitsubishi,GTO
354,Kimbra,Fullalove,Female,Oldsmobile,Cutlass Supreme
355,Nestor,Bigley,Male,Volvo,V40
356,Maisey,Bushby,Female,GMC,Rally Wagon 2500
357,Levin,Albion,Male,Ford,Bronco II
358,Orly,Dine-Hart,Female,Buick,LeSabre
359,Britni,Lasham,Female,Honda,Fit
360,Adolph,Cotgrove,Male,Mitsubishi,Galant
361,Ros,Abdie,Female,Acura,Legend
362,Damaris,Cauldfield,Female,Ford,Aspire
363,Bendix,Leppingwell,Male,Hyundai,Azera
364,Dorey,Leyban,Female,Volkswagen,New Beetle
365,Anna-diane,Capun,Female,Ford,Taurus
366,Nonah,Bain,Bigender,Toyota,Highlander
367,Beverlee,Patrone,Female,Lexus,LX
368,Elnar,Reddecliffe,Male,Saturn,Ion
369,Correy,Boards,Male,Lotus,Esprit
370,Ammamaria,Greasley,Female,Mazda,929
371,Antoine,Jantot,Male,Suzuki,Swift
372,Reid,Cornfoot,Male,Mercedes-Benz,SLR McLaren
373,Alister,Luberto,Male,Mazda,Protege
374,Jo,Yokley,Female,Audi,100
375,Devlin,Kynston,Male,Infiniti,EX
376,Harcourt,Goalley,Male,Rolls-Royce,Phantom
377,Concettina,Strodder,Female,Hyundai,Tiburon
378,Vikky,Guinane,Female,Ford,Econoline E350
379,Martino,Morales,Male,GMC,Yukon
380,Caritta,Tomanek,Female,Dodge,Ram Van 2500
381,Robinet,Aulton,Bigender,Aston Martin,V8 Vantage
382,Kamilah,Samsonsen,Female,Acura,NSX
383,Mattie,Paffitt,Male,Cadillac,DeVille
384,Kenny,Warrington,Male,Dodge,Ram Van 2500
385,Kimberli,Markwick,Female,Ford,Explorer Sport Trac
386,Darlene,Benyan,Genderqueer,Volkswagen,Golf
387,Jamil,de Quincey,Male,Honda,Civic
388,Nial,Crampton,Male,Porsche,Cayenne
389,Sula,Blowes,Agender,Volvo,V50
390,Toiboid,Zealy,Male,Mitsubishi,Lancer Evolution
391,Christian,Warlowe,Female,Pontiac,Firebird
392,Tom,Preon,Genderqueer,Isuzu,Axiom
393,Erik,Elphey,Male,Chevrolet,G-Series G10
394,Addison,Rieger,Male,Toyota,TundraMax
395,Nadeen,Champneys,Female,Cadillac,Eldorado
396,Sandor,Learmount,Male,Porsche,911
397,Isaiah,Elintune,Male,Cadillac,CTS
398,Libbi,Todd,Female,BMW,3 Series
399,Sheilah,Simnel,Female,Chevrolet,HHR Panel
400,Delila,Cutten,Genderqueer,Ford,E-Series
401,Nady,Eddins,Female,GMC,Envoy XL
402,Bartel,Elsdon,Male,Ford,Laser
403,Tulley,Learmouth,Male,Infiniti,G
404,Gearard,Dedam,Male,Dodge,Caravan
405,Lutero,Tredgold,Male,Buick,Electra
406,Maxy,Myall,Female,Jeep,Compass
407,Alastair,Bellfield,Male,Kia,Amanti
408,Sammie,Betterton,Male,Volvo,V90
409,Hewet,Lymer,Male,Pontiac,Aztek
410,Guthrie,MacGille,Male,Subaru,Impreza
411,Koral,Leroy,Female,Infiniti,G35
412,Hobie,Jaquemar,Male,Ford,F-Series Super Duty
413,Yance,D'Antuoni,Male,Buick,Rainier
414,Sylas,Darell,Male,Audi,A4
415,Verge,Shewery,Male,Pontiac,Grand Prix
416,Wenda,Huggett,Female,Chevrolet,3500
417,Fair,Edgson,Genderfluid,Kia,Sorento
418,Haslett,Skeggs,Male,Pontiac,Grand Prix
419,Lazaro,Phlipon,Male,Suzuki,Verona
420,Hartley,Linnock,Male,Dodge,Ram 3500
421,Darell,Tadman,Female,Saab,9-3
422,Atlanta,Hawtry,Female,Mercedes-Benz,S-Class
423,Northrop,Leat,Male,Honda,Civic
424,Conny,Baudet,Male,Mitsubishi,Sigma
425,Doloritas,Baudassi,Female,Lincoln,Continental
426,Tan,Skeates,Male,Mitsubishi,Eclipse
427,Arnaldo,Birchner,Male,Mercury,Sable
428,Kendra,McKnockiter,Female,GMC,Jimmy
429,Bil,Have,Male,Toyota,Sienna
430,Marga,Maden,Female,Volkswagen,Jetta
431,Anni,Bortoli,Female,Ferrari,458 Italia
432,Corenda,Campling,Female,Infiniti,G
433,Hewett,Petrishchev,Male,Porsche,914
434,Bartel,Chidgey,Male,Honda,CR-V
435,Elwira,Bondar,Female,Saab,9-7X
436,Janetta,Kemwal,Female,Chevrolet,Monte Carlo
437,Catina,Steinhammer,Female,Volkswagen,Routan
438,Alonzo,Horsefield,Male,Dodge,Neon
439,Henry,Montfort,Male,Saturn,VUE
440,Abey,Halliday,Male,Ford,Explorer
441,Ashley,Whorton,Agender,Ford,F150
442,Fabien,Shayler,Genderqueer,Maserati,Biturbo
443,Kiri,Woodyear,Female,Hyundai,HED-5
444,Robbie,Vasilyevski,Male,Ford,Escape
445,Clerissa,Clackers,Female,Toyota,Corolla
446,Allyson,Gerdts,Female,Bentley,Continental Flying Spur
447,Adlai,Bennis,Male,Hyundai,Tiburon
448,Zorina,Colyer,Female,Ford,Freestyle
449,Tracie,Sonschein,Female,Volkswagen,Golf
450,Maxim,Tordiffe,Male,Mazda,Miata MX-5
451,Dwight,Muress,Male,GMC,Yukon
452,Loralie,Tomasello,Female,Mazda,Mazda6
453,Virgie,Corlett,Female,Lexus,ES
454,Pebrook,Thibodeaux,Male,MINI,Cooper
455,Darbee,Voller,Male,Subaru,Tribeca
456,Ilario,Lettice,Male,Toyota,Paseo
457,Thor,Laver,Male,Mazda,B-Series Plus
458,Margery,Wallhead,Female,Volkswagen,Jetta
459,Vivienne,Sessuns,Female,GMC,Savana 2500
460,Elissa,Spraberry,Female,Chevrolet,Corvette
461,Virgil,Gormally,Genderfluid,Ford,Escape
462,Shalna,Durtnal,Female,Ford,Ranger
463,Tessie,O'Geaney,Female,Acura,SLX
464,Beverley,Darbishire,Female,Nissan,Pathfinder
465,Kaitlin,Whatford,Female,Isuzu,Ascender
466,Janek,Beynon,Male,Infiniti,QX
467,Nicki,Tennewell,Female,Pontiac,Bonneville
468,Ailey,Sarre,Female,Volkswagen,Cabriolet
469,Kelcy,Brompton,Female,Chevrolet,Tahoe
470,Gerta,Baynard,Female,BMW,530
471,Daryl,Rope,Female,Jaguar,X-Type
472,Giacopo,Bromwich,Male,Ford,Explorer Sport Trac
473,Rosemonde,Scorrer,Female,BMW,7 Series
474,Rubi,Cowerd,Female,Mercury,Grand Marquis
475,Constantine,Squirrell,Female,Volkswagen,Beetle
476,Shepherd,O'Shee,Male,Volvo,XC70
477,Sherlock,Harriott,Male,Oldsmobile,Alero
478,Agretha,Purvey,Female,Lincoln,Town Car
479,Stirling,Rebbeck,Male,Cadillac,Escalade ESV
480,Arie,Bramwich,Male,Cadillac,CTS
481,Thia,McTrustram,Genderqueer,Suzuki,Reno
482,Imelda,Syfax,Female,Lexus,SC
483,Ricca,Rubi,Female,Audi,S4
484,Dani,Degnen,Female,Mazda,Navajo
485,Shanon,Featley,Female,Chrysler,New Yorker
486,Brian,Prawle,Male,Porsche,Boxster
487,Ferdy,Baskerville,Male,Kia,Sportage
488,Oliviero,Stathers,Male,Acura,NSX
489,Lydon,Bevis,Male,BMW,3 Series
490,Glyn,Kemson,Female,Volvo,C30
491,Shayne,Alfuso,Polygender,BMW,3 Series
492,Sayer,Springall,Male,BMW,3 Series
493,Harvey,Yesson,Male,Mitsubishi,Chariot
494,Bing,Mouget,Genderfluid,Honda,Insight
495,Wendy,Gilyatt,Female,Dodge,Ram 1500 Club
496,Falkner,Defont,Male,Chevrolet,Suburban 1500
497,Zedekiah,Snufflebottom,Male,BMW,X3
498,Kristo,Deftie,Male,Mitsubishi,Truck
499,Amelina,Emblem,Female,Plymouth,Acclaim
500,Rhea,Crop,Female,Pontiac,GTO
501,Gianni,Beachem,Male,Suzuki,Samurai
502,Bellina,Szubert,Female,Acura,MDX
503,Anni,Dyter,Genderfluid,Chevrolet,Lumina
504,Rainer,Ivanitsa,Male,Audi,5000CS
505,Annora,Mattson,Female,Cadillac,Escalade ESV
506,Daisi,Ruffles,Female,Nissan,350Z
507,Dedra,Ilott,Bigender,Dodge,Dakota
508,Tina,Bollin,Female,Chevrolet,Express 3500
509,Lyndsay,Rowledge,Female,Lexus,LX
510,Alfreda,Phebee,Female,Toyota,4Runner
511,Tobe,Doolan,Female,Ford,Bronco II
512,Ginger,Davidovic,Male,Chrysler,Fifth Ave
513,Robbi,Addey,Genderqueer,Toyota,Previa
514,Loree,Skellen,Female,Mercury,Mountaineer
515,Briney,Davidovits,Female,Maybach,62
516,Phillie,Karlqvist,Female,Aptera,Type-1h
517,Teodorico,Anyon,Male,Ford,Expedition
518,Anatollo,Peschke,Male,Volkswagen,Passat
519,Karole,Aberhart,Female,Dodge,Ram Van 3500
520,Johan,Savill,Male,Mazda,CX-7
521,Anneliese,Hames,Bigender,Chevrolet,Corvette
522,Kenyon,Anniwell,Male,Lexus,SC
523,Bettye,Saing,Female,Mazda,Navajo
524,Bernarr,Wycliffe,Male,Volkswagen,Cabriolet
525,Violet,Gain,Female,Subaru,XT
526,Calley,Maffey,Female,Chevrolet,Astro
527,Denyse,Ary,Female,Nissan,Xterra
528,Allard,Tooting,Male,Mazda,Protege
529,Kimmi,McKeefry,Female,Ford,F450
530,Ofelia,Wheway,Female,Toyota,Supra
531,Kellina,Wayne,Female,Honda,Accord
532,Rodina,Bryer,Non-binary,Honda,Civic
533,Merralee,Dowry,Female,Lincoln,Navigator
534,Fredek,Menendes,Male,Lexus,LX
535,Renato,Tivenan,Male,Nissan,Pathfinder
536,Doralia,Gages,Genderfluid,Ford,Mustang
537,Meghan,Glastonbury,Female,Audi,A3
538,Mildred,Fortnum,Non-binary,Pontiac,6000
539,Jaine,Croux,Female,Lexus,LX
540,Idaline,Cookes,Female,Dodge,Intrepid
541,Benedick,Haldane,Male,Mercedes-Benz,C-Class
542,Armin,McNiff,Male,GMC,1500 Club Coupe
543,Joanna,Fraczek,Female,Cadillac,XLR
544,Lanni,Cakes,Female,BMW,3 Series
545,Ardith,Radbone,Female,Ford,Explorer
546,Sly,Gadie,Male,Ford,Focus
547,Katharine,Kineton,Female,Mitsubishi,Lancer
548,Meredith,Tineman,Polygender,Audi,A8
549,Shaun,Hinemoor,Male,Lamborghini,Diablo
550,Brittne,Chatenier,Female,Toyota,Tundra
551,Tann,Purdy,Male,Volkswagen,GTI
552,Eugenio,Anfossi,Male,Cadillac,Escalade
553,Myranda,O'Dempsey,Agender,Mazda,626
554,Yurik,Skate,Male,Chevrolet,Corvette
555,Agathe,Coop,Female,Chevrolet,Express 1500
556,Andria,Capelin,Female,Eagle,Vision
557,Suellen,Dorber,Female,Ford,Flex
558,Dede,Kesteven,Female,Kia,Optima
559,Joly,Norway,Genderfluid,Oldsmobile,Bravada
560,Stefanie,Danilenko,Female,Buick,Century
561,Amara,Luppitt,Polygender,Mitsubishi,Lancer
562,Javier,Rist,Male,Volvo,XC60
563,Ezra,Streatfeild,Male,Suzuki,Samurai
564,Orelie,McGrory,Female,Lexus,LX
565,Al,Blundell,Male,Dodge,D350 Club
566,Gabey,Redpath,Female,Volkswagen,Jetta
567,Maxy,Laughtisse,Male,GMC,Acadia
568,Rozanna,Heinzler,Female,Hyundai,Equus
569,Wynn,Monnery,Male,Pontiac,GTO
570,Johnette,Finlater,Female,Mazda,MX-5
571,Ben,Licence,Male,Mitsubishi,Truck
572,Timmy,Rivelon,Female,Audi,A6
573,Bunny,Cramond,Bigender,Volkswagen,Jetta
574,Kathlin,Lawlan,Bigender,Hyundai,Accent
575,Neysa,Yeulet,Female,Mitsubishi,Montero
576,Rudiger,Stanfield,Male,Audi,R8
577,Dasi,Gilcrist,Female,Acura,Legend
578,Egbert,Sangar,Male,Audi,S4
579,Abran,Weatherhill,Male,Ford,Bronco II
580,Pete,Bloyes,Male,Mercedes-Benz,CL-Class
581,Alphonso,Bunten,Male,Honda,Odyssey
582,Isac,Lilliman,Genderqueer,Ford,Transit Connect
583,Tabbi,Scothron,Non-binary,Ford,Explorer Sport
584,Bevvy,Jaspar,Female,Cadillac,Escalade
585,Nike,Hubbuck,Female,Bentley,Continental GT
586,Stanfield,O'Shesnan,Male,Volvo,C70
587,Bradley,Trayling,Male,Toyota,Supra
588,Shaina,Matzeitis,Female,Mercedes-Benz,E-Class
589,Kincaid,Domenici,Male,Chevrolet,Corvette
590,Blake,O'Brollachain,Polygender,Volvo,V70
591,Tonya,Lownes,Female,Bentley,Continental Flying Spur
592,Binky,Ubsdell,Polygender,Lotus,Esprit
593,Granville,Stoffersen,Male,Hyundai,Tucson
594,Whitaker,Wallhead,Male,Hyundai,Sonata
595,Dermot,Bellino,Male,BMW,X6 M
596,Karleen,Gange,Female,Chevrolet,Corvette
597,Babb,Flagg,Female,Volkswagen,New Beetle
598,Aileen,Puxley,Female,Ford,E250
599,Garvin,Satch,Male,Nissan,Datsun/Nissan Z-car
600,Siana,Classen,Bigender,Maybach,57
601,Buckie,Wegner,Male,Daewoo,Nubira
602,Wesley,McQuillan,Male,Audi,TT
603,Gaspard,Charnley,Male,Porsche,928
604,Rora,Kimberly,Female,Audi,TT
605,Hurleigh,Kestin,Male,Subaru,Legacy
606,Mollee,Terris,Female,Audi,R8
607,Arleta,Zoephel,Female,Saab,900
608,Arlen,O'Dee,Male,Ford,F450
609,Kristo,Moodie,Male,Acura,NSX
610,Antin,Dowdney,Male,Land Rover,Range Rover
611,Orv,Arckoll,Male,Dodge,Dakota
612,Ezra,Pruvost,Male,Toyota,4Runner
613,Queenie,Speer,Polygender,Chevrolet,APV
614,Zorana,Krauss,Female,Dodge,Grand Caravan
615,Krishnah,Saggs,Male,Audi,Q7
616,Gaelan,Simner,Male,Ford,Club Wagon
617,Obadiah,Thoma,Male,Ford,Taurus
618,Nickolas,Vorley,Male,Dodge,Ram Van 3500
619,Gigi,MacCartair,Female,Hummer,H3
620,Audie,Wharmby,Female,Audi,S4
621,Shurwood,Sydry,Male,Ferrari,F430 Spider
622,Marlene,Cowlam,Female,Cadillac,SRX
623,Vanni,Spincke,Female,Pontiac,G6
624,Amelie,Desport,Female,Pontiac,Bonneville
625,Ewell,Gourlay,Male,Dodge,Stratus
626,Marillin,Vecard,Female,Ford,Torino
627,Leela,Chance,Female,Toyota,Venza
628,Dasha,Petican,Female,Buick,Regal
629,Dolli,Gerriessen,Non-binary,Pontiac,Vibe
630,Dody,Fumagalli,Female,Hyundai,Sonata
631,Catha,Parkin,Female,Nissan,Maxima
632,Saudra,Kedwell,Genderfluid,Porsche,Cayenne
633,Arleen,Bater,Female,Nissan,Altima
634,Auria,Jaggs,Female,Volvo,S40
635,Welch,Mafham,Male,Geo,Prizm
636,Federico,Dudeney,Male,GMC,Sonoma Club
637,Julianne,Eassom,Female,Audi,A4
638,Carley,Smoote,Female,GMC,Yukon Denali
639,Lars,Follows,Male,Ford,Escape
640,Krystle,Buse,Female,Mercury,Topaz
641,Flossie,Selkirk,Female,Toyota,Previa
642,Kim,Fawdrie,Female,Buick,Skyhawk
643,Hercule,Brunger,Male,Oldsmobile,Silhouette
644,Ian,Morando,Male,Acura,SLX
645,Eryn,Keston,Female,Audi,4000s
646,Woody,Guitel,Male,Mazda,Familia
647,Rena,Harle,Female,Toyota,Sequoia
648,Diana,Stokoe,Genderqueer,Acura,Integra
649,Lyell,Ghilardini,Male,MINI,MINI
650,Karla,Van der Beken,Genderfluid,Audi,Q7
651,Boycey,Roggers,Male,Mercedes-Benz,G55 AMG
652,Araldo,Dupoy,Male,Buick,Park Avenue
653,Lavinie,Tytterton,Female,Oldsmobile,Alero
654,Ardenia,Pointin,Female,Pontiac,Bonneville
655,Connie,Cruft,Bigender,Honda,Civic
656,Malvina,Heinsius,Female,Mercedes-Benz,CLK-Class
657,Sella,Lytle,Female,Volvo,C70
658,Torey,Jeanin,Female,Dodge,Avenger
659,Gibb,Kilmister,Male,Mercury,Grand Marquis
660,Minda,Dantesia,Female,Toyota,4Runner
661,Giulietta,Righy,Female,Toyota,Camry
662,Gabbi,Ruddle,Female,GMC,Savana 3500
663,Lyle,Ruspine,Male,Mitsubishi,Chariot
664,Hakeem,Hastler,Male,Mazda,MX-5
665,Hartwell,Mathers,Genderfluid,Ford,Thunderbird
666,Rhianon,Fennelly,Female,Ford,Econoline E350
667,Horatia,Inglesent,Female,Toyota,Tacoma
668,Rance,Proven,Male,Buick,Roadmaster
669,Lulu,Aymes,Female,GMC,Savana 2500
670,Camey,Keynd,Male,Mitsubishi,Diamante
671,Erroll,Fife,Male,Mitsubishi,Diamante
672,Daffi,Bridle,Female,GMC,Envoy
673,Garrot,MacDonell,Male,Isuzu,i-Series
674,Arabelle,Siviour,Female,Ford,F350
675,Cathee,Muat,Bigender,Ford,F-Series
676,Astra,Cassar,Non-binary,Honda,CR-V
677,Debora,Baldazzi,Genderfluid,BMW,7 Series
678,Gert,Renney,Female,Chevrolet,Suburban 2500
679,Darbee,De Michele,Genderfluid,Suzuki,XL-7
680,Toddie,Stubbert,Male,Chevrolet,Suburban 2500
681,Meredithe,Duddle,Female,Suzuki,XL-7
682,Sara,Rickarsey,Female,Ford,GT500
683,Nikkie,Sollner,Female,Jaguar,XJ Series
684,Julia,Brundell,Female,Maserati,Quattroporte
685,Dean,Fassbindler,Male,Ferrari,F430
686,Honey,Peaddie,Non-binary,Dodge,Magnum
687,Nial,Heifer,Male,Mitsubishi,Galant
688,Mattheus,Amber,Male,Pontiac,Grand Prix
689,Kathrine,Danahar,Bigender,Toyota,Sienna
690,Nananne,Dmisek,Female,Audi,90
691,Gabey,Wakelam,Female,Audi,S6
692,Hasty,Pennaman,Male,Mercedes-Benz,300D
693,Harmonie,Gouldbourn,Female,Toyota,Prius
694,Parry,Comfort,Male,BMW,600
695,Kerry,Caraher,Female,Ford,Five Hundred
696,Augustin,Myderscough,Male,Volvo,XC90
697,Tiler,Follin,Male,Suzuki,Swift
698,My,Dongles,Male,Ford,E-Series
699,Dani,Dyett,Female,Audi,A4
700,Zebedee,Peggram,Male,Lincoln,Navigator
701,Jayson,Warlton,Male,Mercedes-Benz,R-Class
702,Lynnea,Bendixen,Female,Honda,Accord
703,Olva,Hastwell,Female,Volvo,V90
704,Melissa,Cobden,Female,Pontiac,Vibe
705,Zechariah,O'Bruen,Male,Saab,9-3
706,Shaw,Harrismith,Male,BMW,7 Series
707,Ailey,Worshall,Genderfluid,Nissan,Xterra
708,Stanislaw,Kinnear,Agender,Dodge,Viper
709,Sergeant,Yakunikov,Male,BMW,X5
710,Hayyim,Stoyle,Male,Mercury,Mountaineer
711,Hilde,Biasioli,Female,Lincoln,Town Car
712,Melissa,Rabley,Bigender,Chevrolet,Suburban 1500
713,Maybelle,Wisham,Non-binary,Mazda,626
714,Jelene,Beteriss,Female,Chevrolet,Express 3500
715,Constantin,Deppen,Male,Pontiac,Bonneville
716,Kayne,Glamart,Male,Ford,Contour
717,Gardy,Ardy,Male,Mercedes-Benz,SL-Class
718,Gregory,Balassi,Male,Volvo,S80
719,Carlynne,Hallsworth,Female,Volkswagen,Tiguan
720,Edita,Dresse,Female,Chrysler,Town & Country
721,Maddy,Persse,Male,Pontiac,Bonneville
722,Amara,Matejka,Genderfluid,BMW,325
723,Herve,Trigg,Male,Toyota,Land Cruiser
724,Tatiana,Emtage,Female,Mitsubishi,Eclipse
725,Martelle,Habin,Female,Dodge,Dakota
726,Simona,Beazey,Female,Mazda,MX-5
727,Cad,Bruhn,Male,Toyota,4Runner
728,Anallise,Napolitano,Female,Kia,Rondo
729,Brier,Bowgen,Female,Audi,S5
730,Damon,Kunze,Male,Chevrolet,Silverado 3500
731,Elizabet,Lelande,Female,Maybach,Landaulet
732,Martin,Bruhnke,Male,Jaguar,XK Series
733,Davy,Barlas,Male,Acura,Integra
734,Gertrude,Cawkill,Female,Morgan,Aero 8
735,Marys,Bolesma,Female,Mercedes-Benz,E-Class
736,Blithe,Lowen,Female,GMC,Suburban 2500
737,Judith,Trainor,Female,Ford,E-Series
738,Georgina,Zucker,Female,Chevrolet,G-Series G20
739,Steffane,Strachan,Female,Volvo,C70
740,Berke,Bettam,Male,Aston Martin,Virage
741,Elset,Cammocke,Genderfluid,Mitsubishi,Mirage
742,Dita,Smithe,Female,BMW,530
743,Esmaria,Harragin,Female,GMC,Sierra 1500
744,Rodrique,Dongles,Male,Porsche,Boxster
745,Salvidor,Giacomoni,Male,Maserati,GranTurismo
746,Fannie,Camilleri,Female,Jaguar,XJ
747,Emelita,Grinsted,Genderfluid,Mitsubishi,Chariot
748,Lacie,Duckitt,Female,Ford,C-MAX Hybrid
749,Ayn,Croster,Female,Pontiac,Bonneville
750,Janice,Taunton.,Female,Lotus,Elan
751,Kaia,Richardes,Female,Volkswagen,Type 2
752,Berenice,Wadge,Female,Infiniti,QX
753,York,Plews,Male,Buick,Century
754,Pierrette,McRoberts,Female,Chevrolet,Tahoe
755,Orsola,Tondeur,Female,Mitsubishi,Lancer
756,Elsworth,Winser,Male,Toyota,Sienna
757,Andres,Molden,Male,Mazda,Mazdaspeed 3
758,Stevie,Durbann,Male,Volkswagen,GTI
759,Randell,Grime,Male,Pontiac,Bonneville
760,Drusy,Towndrow,Female,GMC,Savana 1500
761,Octavia,Rothschild,Female,Lincoln,MKZ
762,Alvera,Immer,Female,Honda,Accord
763,Jonie,Castanaga,Female,Mazda,MPV
764,Janna,Loughrey,Female,Ford,Expedition
765,Linoel,Vile,Male,Cadillac,Catera
766,Westbrook,Millyard,Male,Lexus,LX
767,Rosabelle,Renbold,Female,Dodge,Caravan
768,Stanford,Machans,Male,Chevrolet,Express 2500
769,Agnesse,Collomosse,Female,Mercury,Villager
770,Olva,Tuckley,Female,Cadillac,DTS
771,Millisent,Goodship,Female,Nissan,Frontier
772,Kerk,Eighteen,Male,Volkswagen,Touareg
773,Humfrey,Bayle,Male,MINI,Countryman
774,Byram,Cruickshank,Male,Suzuki,Sidekick
775,Charin,Rosendale,Female,Kia,Sportage
776,Patrizius,Kimble,Agender,Mitsubishi,Excel
777,Dora,Blackett,Genderfluid,Aston Martin,DB9
778,Patten,Panons,Male,Bentley,Brooklands
779,Alisander,Copo,Male,Scion,tC
780,Chip,Lowin,Male,Saturn,S-Series
781,Emlyn,Farries,Male,Nissan,Pathfinder
782,Emelia,Thake,Female,Ford,E-Series
783,Josiah,Dempsey,Male,Bentley,Continental
784,Arlen,Hutchcraft,Female,Toyota,Prius
785,Cecily,Simounet,Female,Isuzu,Ascender
786,Trixie,Hansie,Female,Dodge,Ram 50
787,Josh,Sebborn,Male,Dodge,Ram 3500
788,Morey,Eberst,Male,Toyota,Tundra
789,Clea,Kenyon,Female,Toyota,Corolla
790,Oswald,Keddey,Male,Kia,Rio
791,Rosemarie,Rubenovic,Female,Honda,Odyssey
792,Jenica,Kaplin,Female,Toyota,Supra
793,Lon,Seal,Male,Mercedes-Benz,G-Class
794,Kaja,Bridden,Female,Audi,A6
795,Eamon,Inkpin,Male,Chevrolet,Silverado 1500
796,Giffer,Connell,Male,Lincoln,Navigator
797,Heriberto,Downham,Male,Chevrolet,2500
798,Hynda,Cashin,Female,Chevrolet,Camaro
799,Othella,Lambourne,Female,Honda,Accord Crosstour
800,Curry,Pickthall,Male,Ford,Festiva
801,Berni,Valder,Female,Mercedes-Benz,SL-Class
802,Monika,Bocock,Female,Ford,F150
803,Thatcher,Shillan,Male,Mitsubishi,Endeavor
804,Andee,Dencs,Female,Saturn,S-Series
805,Winonah,Lockner,Female,Mitsubishi,Excel
806,Jarrid,Hammor,Male,Mazda,Millenia
807,Kinnie,Lodin,Male,Toyota,Venza
808,Burke,McAtamney,Male,Nissan,Altima
809,Osgood,Bims,Non-binary,Toyota,Avalon
810,Marya,Fidler,Female,Volvo,V70
811,Yovonnda,Dessaur,Female,Audi,Coupe Quattro
812,Bobina,Teasey,Female,Ford,Expedition EL
813,Avery,Sergent,Male,Chevrolet,Astro
814,Phedra,Pettiford,Polygender,Mercury,Topaz
815,Flory,D'Aulby,Male,Chevrolet,SSR
816,Isadore,Quinet,Male,Lexus,ES
817,Quillan,Harrill,Male,GMC,3500
818,Cathi,Pearcehouse,Female,Jeep,Cherokee
819,Reagen,Giotto,Male,Audi,A4
820,Paulina,Rosthorn,Female,Jeep,Grand Cherokee
821,Junia,Simkin,Female,Pontiac,Sunfire
822,Amerigo,Worsham,Male,Jeep,Wrangler
823,Denys,Quested,Female,Dodge,Neon
824,Mile,Brothwell,Male,Honda,Element
825,Leoline,Meo,Female,Subaru,Leone
826,Arturo,Bedder,Male,Mitsubishi,Eclipse
827,Birgit,Orpen,Female,Toyota,MR2
828,Faustina,Askey,Female,Chevrolet,Tahoe
829,Brig,Emlyn,Male,Dodge,Caravan
830,Madelene,Prickett,Female,BMW,6 Series
831,Jammal,Dysart,Male,Buick,Enclave
832,Wakefield,Flewin,Male,Nissan,Frontier
833,Leoine,McTear,Female,Lexus,RX Hybrid
834,Amalia,Sterman,Female,Chevrolet,Equinox
835,Tildie,Chaikovski,Female,Volkswagen,Passat
836,Ozzie,Espinet,Male,Dodge,Neon
837,Emanuele,Sugarman,Male,Oldsmobile,Achieva
838,Rycca,Batecok,Genderqueer,Audi,R8
839,Donn,Hodgon,Male,Lincoln,LS
840,Gavrielle,Leyre,Female,Nissan,Sentra
841,Amitie,Anespie,Non-binary,Mercedes-Benz,E-Class
842,Les,Parnham,Male,Mercedes-Benz,SL-Class
843,Christine,Neno,Female,Buick,Riviera
844,Ashely,Dibner,Bigender,Volvo,V90
845,Hayden,Sleeford,Male,Dodge,Ram 1500
846,Berkie,Haylor,Male,Pontiac,Bonneville
847,Sibella,Eite,Female,Volkswagen,Golf
848,Randall,Anwell,Male,Lexus,GS
849,Kent,Lintott,Male,Pontiac,LeMans
850,Henry,Grewes,Male,Dodge,Avenger
851,Mada,Thorburn,Female,GMC,Yukon
852,Em,McPhelimey,Female,Honda,Civic
853,Daniela,Carratt,Female,Cadillac,SRX
854,Jeddy,Von Oertzen,Male,Hyundai,Sonata
855,Alena,Josefsson,Female,Ford,F250
856,Marin,Troyes,Female,Chevrolet,Silverado 1500
857,Zorina,Simcox,Female,Dodge,Dakota
858,Marji,Coveney,Female,GMC,3500 Club Coupe
859,Jeannine,Lynagh,Female,BMW,X3
860,Galvan,Abrami,Male,Chevrolet,Express 2500
861,Sampson,Gleadhell,Polygender,Oldsmobile,Alero
862,Ty,Vicary,Male,Saturn,Sky
863,Barbabas,Wilsone,Genderfluid,Porsche,Boxster
864,Harris,Vear,Male,Hyundai,Elantra
865,Natka,Calbaithe,Female,Ford,E150
866,Ellwood,Lethley,Male,Dodge,D150 Club
867,Felike,Cutchie,Bigender,GMC,Suburban 2500
868,Gordie,Dumphy,Male,Mitsubishi,Endeavor
869,Janos,Iacovino,Male,Chevrolet,Beretta
870,Pearla,Arundel,Female,Kia,Sephia
871,Eward,Akker,Male,Chevrolet,Corvette
872,Maurizio,Spadeck,Male,Saab,900
873,Ivy,Marwood,Female,Suzuki,Grand Vitara
874,Nils,Clempton,Male,Subaru,Forester
875,Rice,Lax,Male,GMC,1500 Club Coupe
876,Peterus,Sworder,Male,Chrysler,PT Cruiser
877,Filip,Bedin,Male,Mazda,929
878,Eleen,Palek,Female,Lincoln,Town Car
879,Cyndy,Drayson,Female,Kia,Sorento
880,Shellie,Hempshall,Female,BMW,530
881,Cherri,Kilday,Female,Honda,Civic
882,Gerick,Dunmore,Male,Subaru,Legacy
883,Robby,Frusher,Male,Audi,RS4
884,Ariel,Stitwell,Non-binary,Maserati,Coupe
885,Patrica,Newbegin,Female,Buick,LeSabre
886,Dannel,Bardwall,Male,Infiniti,J
887,Ettore,Entres,Male,Plymouth,Grand Voyager
888,Britney,Sansum,Female,Mitsubishi,Galant
889,Juieta,Enderson,Female,Dodge,Charger
890,Emmet,Sutton,Male,Isuzu,Rodeo
891,Emery,Dimitriou,Male,Honda,CR-V
892,Eugenie,Kornel,Female,Lexus,GS
893,Thia,Arnson,Female,Maserati,430
894,Corey,Portsmouth,Female,Lexus,LS
895,Odie,Amott,Male,Mazda,MX-6
896,Filmore,MacSkeaghan,Male,Volvo,960
897,Killy,Premble,Male,Saab,900
898,Engelbert,Durdan,Male,Buick,Riviera
899,Ahmad,Baitson,Agender,Pontiac,Firebird
900,Dru,Davidovich,Male,Ford,Expedition
901,Carmel,Zuanelli,Female,Buick,LeSabre
902,Cordelia,Dukesbury,Female,Mercedes-Benz,CLK-Class
903,Ethe,Dowber,Male,Lamborghini,Gallardo
904,Agace,Dadd,Female,Chevrolet,S10
905,Joy,Coast,Female,Ford,Bronco II
906,Elnora,Withringten,Female,Chevrolet,Camaro
907,Trace,Goulden,Male,Nissan,Murano
908,Wrennie,Shoard,Female,GMC,Yukon
909,Mattie,Koop,Male,Subaru,Forester
910,Florella,Odcroft,Female,Audi,RS 4
911,Gherardo,Eveling,Male,Lamborghini,Murciélago
912,Batsheva,Labuschagne,Female,Acura,TL
913,Benni,McNaughton,Female,Chrysler,Town & Country
914,Jessi,Frosdick,Female,Jeep,Comanche
915,Jan,Headford,Male,Mitsubishi,GTO
916,Aridatha,Wallbrook,Female,Mitsubishi,Outlander
917,Donavon,Petrus,Male,Lexus,LS
918,Nickola,Stilgo,Male,Mitsubishi,i-MiEV
919,Thornie,Jerosch,Male,Mercedes-Benz,GL-Class
920,Eldridge,Josey,Male,Toyota,Sienna
921,Pegeen,Heller,Female,Lexus,GX
922,Brennen,Bomfield,Male,Mazda,B-Series
923,Gerrard,Swansbury,Male,Pontiac,Firebird
924,Kiele,Cushion,Female,Ford,Probe
925,Tomas,Astin,Male,Buick,Lucerne
926,Shirleen,Middlebrook,Female,Chevrolet,Blazer
927,Yanaton,Borkett,Male,Toyota,Paseo
928,Rodd,Amos,Male,Lotus,Esprit
929,Baldwin,Gregersen,Male,Ford,F150
930,Gonzales,Nast,Male,Jeep,Wrangler
931,Corie,Tomes,Female,Chevrolet,3500
932,Danyette,Wilcox,Female,Subaru,Forester
933,Biron,Harford,Male,Mercedes-Benz,300SD
934,Virgie,Chessil,Male,Chevrolet,Cavalier
935,Conny,Birchwood,Female,Hyundai,Santa Fe
936,Gonzales,Prinnett,Male,Chevrolet,G-Series 3500
937,Elihu,Exter,Male,Jeep,Wrangler
938,Clarinda,Van Leeuwen,Female,Shelby,GT500
939,Lexis,Smitten,Female,Nissan,Quest
940,Idelle,Du Barry,Female,Chevrolet,Cobalt SS
941,Imelda,Bernardeschi,Non-binary,Volkswagen,Fox
942,Pren,Cookman,Male,Cadillac,CTS
943,Miguelita,Huglin,Female,Dodge,Caravan
944,Emlynn,Sellar,Female,Chevrolet,Silverado 3500
945,Katine,Bower,Genderfluid,McLaren,MP4-12C
946,Debra,Telfer,Female,Chrysler,Town & Country
947,Karlan,Etchells,Male,Nissan,Titan
948,Stefania,Ledgley,Female,GMC,Sonoma
949,Dew,Johansson,Male,Toyota,Camry Solara
950,Wendeline,Odda,Female,Subaru,Justy
951,Kippy,Seater,Male,Dodge,Challenger
952,Leigha,Siddon,Female,Chevrolet,Equinox
953,Lydon,Moyler,Male,Porsche,Boxster
954,Aurora,Morrall,Female,GMC,Acadia
955,Fee,Derham,Male,GMC,Rally Wagon 3500
956,Petra,Furst,Female,Ferrari,612 Scaglietti
957,Humphrey,Clackers,Male,Volkswagen,Jetta
958,Iggie,Halgarth,Male,Mercedes-Benz,SLK-Class
959,Shay,Jackson,Male,Lotus,Exige
960,Marven,Hounson,Male,Isuzu,Rodeo
961,Shari,Woodroof,Female,Mercury,Montego
962,Arnoldo,Gall,Male,Toyota,MR2
963,Car,Noirel,Male,Pontiac,Grand Prix
964,Valdemar,Madoc-Jones,Male,Chevrolet,Caprice Classic
965,Moise,Rosenshine,Male,Mitsubishi,Eclipse
966,Bridgette,Tivolier,Agender,Ford,F250
967,Carena,Aitken,Female,Acura,Integra
968,Graig,Tripet,Male,Cadillac,Escalade EXT
969,Averell,Osband,Genderfluid,GMC,Sonoma
970,Micky,Brewster,Male,Honda,Civic
971,Torie,Lefeaver,Genderqueer,BMW,7 Series
972,Tina,Burgess,Female,Cadillac,Seville
973,Ladonna,Sterricks,Female,Scion,FR-S
974,Cal,Holdron,Male,Chrysler,Pacifica
975,Asia,Dorow,Female,Mazda,626
976,Pietra,Bushaway,Polygender,Honda,Civic
977,Kahaleel,Malletratt,Male,Nissan,NV2500
978,Sylvia,Langmead,Female,Chevrolet,Suburban 2500
979,Doris,Moger,Female,Volkswagen,Golf
980,Nehemiah,Bondar,Male,Mazda,MX-6
981,Joyan,Reach,Female,Ford,Thunderbird
982,Susette,Stawell,Female,GMC,Sonoma Club
983,Ardella,Paddison,Female,Cadillac,SRX
984,Terrance,Creavin,Male,Dodge,Grand Caravan
985,Lorenza,Ockendon,Female,Mazda,Navajo
986,Josy,Mohammed,Female,MINI,Cooper
987,Hurlee,Potkin,Male,Audi,Coupe Quattro
988,Zorina,Smalles,Female,Ford,LTD Crown Victoria
989,Ogdan,Adame,Male,Land Rover,Range Rover
990,Bogey,Dinley,Male,Dodge,Stratus
991,Ranice,Gryglewski,Female,Mercury,Cougar
992,Binny,Divine,Female,Mercedes-Benz,C-Class
993,Gunter,Di Giacomettino,Genderqueer,Nissan,240SX
994,Opaline,Burren,Female,GMC,Sierra 2500
995,Fara,Butte,Female,Chevrolet,Malibu
996,Arnie,Bannon,Male,Pontiac,Firebird
997,Ive,Skeldinge,Male,Cadillac,STS
998,Dacie,Ruoss,Female,Buick,LeSabre
999,Deeanne,Kruschev,Female,Lexus,SC
1000,Berna,Bottrill,Female,BMW,1 Series
